{
  "total_trades": 56,
  "total_return_pct": -1.53,
  "max_drawdown_pct": -3.1531420394266116,
  "sharpe": -13.523402576480049,
  "win_rate_pct": 30.357142857142854,
  "avg_trade_pnl": -27.321428571428573,
  "final_equity": 98470.0
}