{
  "total_trades": 140,
  "total_return_pct": -3.75375,
  "max_drawdown_pct": -7.509067133798821,
  "sharpe": -4.994688587867835,
  "win_rate_pct": 28.57142857142857,
  "avg_trade_pnl": -28.392857142857206,
  "final_equity": 96246.25
}