{
  "total_trades": 0,
  "total_return_pct": 0.33745000000005526,
  "max_drawdown_pct": -0.4103848763473059,
  "sharpe": 10.808768950886288,
  "win_rate_pct": 0.0,
  "avg_trade_pnl": 0.0,
  "final_equity": 100337.45000000006
}