{
  "total_trades": 0,
  "total_return_pct": -4.518149999999951,
  "max_drawdown_pct": -4.518149999999951,
  "sharpe": -101.07049893188928,
  "win_rate_pct": 0.0,
  "avg_trade_pnl": 0.0,
  "final_equity": 95481.85000000005
}