{
  "total_trades": 494,
  "total_return_pct": 2.48625,
  "max_drawdown_pct": -9.39400930051845,
  "sharpe": 1.6455759996973514,
  "win_rate_pct": 34.21052631578947,
  "avg_trade_pnl": 5.0328947368421,
  "final_equity": 102486.25
}