{
  "total_trades": 41,
  "total_return_pct": 3.43875,
  "max_drawdown_pct": -1.9144130244269721,
  "sharpe": 16.954056013256217,
  "win_rate_pct": 34.146341463414636,
  "avg_trade_pnl": 83.87195121951213,
  "final_equity": 103438.75
}