{
  "total_trades": 41,
  "total_return_pct": 0.045850000000064034,
  "max_drawdown_pct": -0.025845619167527818,
  "sharpe": 16.648794231776495,
  "win_rate_pct": 34.146341463414636,
  "avg_trade_pnl": 1.1182926829268285,
  "final_equity": 100045.85000000006
}