{
  "total_trades": 12,
  "total_return_pct": 1.6525,
  "max_drawdown_pct": -1.51393647784987,
  "sharpe": 17.937016548190208,
  "win_rate_pct": 58.333333333333336,
  "avg_trade_pnl": 137.70833333333354,
  "final_equity": 101652.5
}