{
  "total_trades": 1,
  "total_return_pct": 0.245,
  "max_drawdown_pct": -0.2735773975328293,
  "sharpe": 6.657984072331482,
  "win_rate_pct": 100.0,
  "avg_trade_pnl": 244.99999999999957,
  "final_equity": 100245.0
}