{
  "total_trades": 41,
  "total_return_pct": 2.2925,
  "max_drawdown_pct": -1.2816381169587743,
  "sharpe": 16.853041957735158,
  "win_rate_pct": 34.146341463414636,
  "avg_trade_pnl": 55.91463414634142,
  "final_equity": 102292.5
}